employee_id,employee_name
EMP1000,Aarav Williams
EMP1001,Priya Patel
EMP1002,Liam Jackson
EMP1003,Sophia Nguyen
EMP1004,Mateo Anderson
EMP1005,Fatima Singh
EMP1006,Noah Chen
EMP1007,Mia Nelson
EMP1008,Ethan Johnson
EMP1009,Zara Roberts
EMP1010,Oliver Wright
EMP1011,Ananya Kim
EMP1012,James Patel
EMP1013,Chloe Johnson
EMP1014,Lucas Martinez
EMP1015,Isla Anderson
EMP1016,Benjamin Adams
EMP1017,Amara Turner
EMP1018,Daniel Patel
EMP1019,Emily Carter
EMP1020,Alexander Tanaka
EMP1021,Sara Nelson
EMP1022,William King
EMP1023,Nadia Anderson
EMP1024,Henry Scott
EMP1025,Riya Roberts
EMP1026,Samuel Jackson
EMP1027,Leah Sharma
EMP1028,David Ali
EMP1029,Maya Wright
EMP1030,Joseph Lewis
EMP1031,Anika Jackson
EMP1032,Charles Brown
EMP1033,Hana Martinez
EMP1034,Thomas Lewis
EMP1035,Layla Chen
EMP1036,Andrew Johnson
EMP1037,Diya Hall
EMP1038,Ryan Chen
EMP1039,Nora Robinson
