project_id,owner_id,status,start_date,end_date,budget
PRJ2182,EMP1021,On Hold,2026-01-12,2026-09-27,1372067.28
PRJ2154,EMP1025,Completed,2026-03-15,2026-09-30,4190750.42
PRJ2111,EMP1009,Completed,2024-02-22,2025-02-08,2315094.82
PRJ2203,EMP1001,Active,2025-07-31,2026-06-03,4533503.46
PRJ2060,EMP1013,On Hold,2024-09-30,2025-03-06,4810872.94
PRJ2009,EMP1008,Active,2024-05-01,2025-04-03,708692.51
PRJ2119,EMP1025,Active,2024-06-05,2025-04-03,272892.34
PRJ2157,EMP1025,Completed,2026-05-21,2026-08-12,610490.42
PRJ2167,EMP1023,Active,2025-05-17,2025-08-01,2990397.62
PRJ2033,EMP1029,Active,2024-01-22,2024-09-15,1989280.37
PRJ2005,EMP1000,Cancelled,2024-03-12,2024-12-18,2032187.96
PRJ2101,EMP1001,Active,2025-04-06,2026-01-13,2028382.39
PRJ2045,EMP1039,Active,2024-07-08,2024-11-26,2376444.17
PRJ2177,EMP1020,Active,2026-06-10,2026-11-06,183977.15
PRJ2118,EMP1011,Completed,2024-02-10,2024-08-12,57332.31
PRJ2046,EMP1007,Completed,2025-11-17,2026-03-25,1728474.82
PRJ2125,EMP1039,On Hold,2025-06-04,2025-12-20,1997454.05
PRJ2195,EMP1028,Active,2024-02-05,2024-07-01,2667686.57
PRJ2251,EMP1032,Active,2025-03-17,2025-06-19,4737016.46
PRJ2143,EMP1020,On Hold,2024-01-28,2024-04-17,3991966.72
PRJ2232,EMP1032,Active,2025-02-14,2025-11-20,973732.99
PRJ2272,EMP1029,Completed,2025-02-06,2025-06-29,2348011.69
PRJ2248,EMP1006,Completed,2024-04-22,2024-08-30,3946146.84
PRJ2025,EMP1000,Completed,2025-02-17,2025-08-05,3857219.77
PRJ2147,EMP1000,Cancelled,2026-02-18,2026-09-25,4422152.9
PRJ2224,EMP1007,Active,2024-10-09,2025-07-15,35674.4
PRJ2003,EMP1001,Completed,2024-09-27,2025-07-12,2495472.86
PRJ2073,EMP1038,Active,2025-03-30,2026-01-30,3236857.95
PRJ2285,EMP1013,Completed,2024-07-02,2024-12-29,166198.55
PRJ2109,EMP1019,Active,2024-12-03,2025-02-24,4384560.24
PRJ2140,EMP1022,Active,2025-05-04,2026-04-20,1964234.4
PRJ2287,EMP1039,Completed,2025-02-04,2025-10-15,4548527.31
PRJ2211,EMP1038,Active,2025-07-09,2026-03-15,1233974.81
PRJ2042,EMP1024,Active,2025-04-20,2025-08-31,4776629.2
PRJ2017,EMP1004,Cancelled,2026-05-21,2027-03-09,4192153.75
PRJ2282,EMP1031,Completed,2026-04-15,2026-02-18,665362.28
PRJ2076,EMP1028,Active,2026-02-14,2026-12-24,3352888.15
PRJ2090,EMP1012,Active,2025-12-03,2026-04-10,283864.25
PRJ2024,EMP1034,Cancelled,2025-05-06,2026-02-13,460781.43
PRJ2057,EMP1016,Completed,2024-01-21,2024-12-19,524437.79
PRJ2092,EMP1035,Active,2025-12-30,2026-03-06,2616948.53
PRJ2077,EMP1037,Cancelled,2024-02-04,2025-01-15,230385.53
PRJ2254,EMP1018,Active,2025-05-24,2025-08-04,3545774.3
PRJ2116,EMP1022,Active,2025-01-14,2025-07-13,4663623.65
PRJ2007,EMP1008,On Hold,2024-01-21,2024-07-16,3603810.88
PRJ2193,EMP1029,Active,2024-06-19,2024-10-22,3481614.32
PRJ2284,EMP1016,Cancelled,2024-07-21,2025-01-18,4816550.9
PRJ2078,EMP1032,Completed,2024-07-24,2025-06-22,2945436.15
PRJ2295,EMP1028,Completed,2025-05-25,2026-03-23,3731726.69
PRJ2237,EMP1031,Active,2026-03-29,2026-05-01,1889709.86
PRJ2223,EMP1028,Active,2025-01-11,2025-03-04,4396566.69
PRJ2291,EMP1008,Active,2026-04-16,2026-05-28,2217070.82
PRJ2063,EMP1038,On Hold,2024-11-11,2025-01-01,2611290.33
PRJ2082,EMP1003,Cancelled,2025-01-22,2025-08-31,1571145.73
PRJ2192,EMP1031,Completed,2025-10-16,2026-08-31,
PRJ2238,EMP1023,On Hold,2024-08-21,2024-10-05,55271.3
PRJ2221,EMP1031,Completed,2024-08-12,2025-05-22,4806963.29
PRJ2104,EMP1035,Completed,2025-12-02,2026-11-19,2696623.44
PRJ2230,EMP1036,Active,2025-12-10,2026-07-07,3823468.79
PRJ2196,EMP1029,Active,2025-06-08,2025-08-24,4810988.64
PRJ2230,EMP1036,Active,2025-12-10,2026-07-07,3785612.66
PRJ2271,EMP1037,Completed,2025-01-19,2025-12-28,803102.03
PRJ2213,EMP1031,Active,2026-03-08,2026-05-23,810396.53
PRJ2244,EMP1020,On Hold,2025-08-30,2026-03-25,4202206.3
PRJ2075,EMP1035,Active,2025-05-23,2025-09-26,
PRJ2179,EMP1016,Completed,2025-11-21,2026-09-21,4302032.81
PRJ2059,EMP1001,On Hold,2024-06-15,2025-01-25,4039076.96
PRJ2093,EMP1023,Active,2025-07-09,2026-05-14,3226287.79
PRJ2006,EMP1036,Completed,2025-12-01,2026-05-26,2492349.82
PRJ2180,EMP1019,Active,2025-07-28,2025-11-26,2292586.17
PRJ2030,EMP1010,Active,2024-06-09,2024-10-15,3610448.98
PRJ2022,EMP1011,On Hold,2026-02-08,2026-03-11,4793549.61
PRJ2260,,Active,2025-09-16,2026-06-25,3383500.76
PRJ2056,EMP1024,Completed,2025-10-08,2026-08-10,
PRJ2247,EMP1017,Completed,2025-11-22,2026-06-18,3770957.18
PRJ2114,EMP1005,Active,2026-02-02,2026-06-25,935509.82
PRJ2132,EMP1027,Active,2025-05-13,2025-07-17,1492044.35
PRJ2240,EMP1031,Active,2025-10-25,2026-07-28,650959.1
PRJ2204,EMP1027,Active,2025-11-12,2026-08-15,2860881.52
PRJ2275,EMP1034,Cancelled,2024-02-22,2024-12-24,4272506.77
PRJ2165,EMP1026,On Hold,2024-01-05,2024-08-17,1089456.87
PRJ2220,EMP1027,On Hold,2024-07-08,2025-05-22,4409369.29
PRJ2084,EMP1001,Active,2025-01-24,2025-03-11,3657808.12
PRJ2066,EMP1002,Completed,2026-02-15,2026-04-23,3794378.15
PRJ2113,EMP1037,Cancelled,2024-08-04,2025-06-09,11185.24
PRJ2168,EMP1024,On Hold,2026-02-05,2027-01-11,2629907.19
PRJ2146,EMP1022,Completed,2026-04-19,2026-07-20,4911829.27
PRJ2019,EMP1010,Cancelled,2024-05-10,2024-10-30,3856847.77
PRJ2144,EMP1025,Completed,2024-05-14,2024-11-12,1302323.43
PRJ2079,EMP1036,Active,2024-03-21,2024-09-13,4996773.96
PRJ2255,EMP1018,On Hold,2026-03-17,2026-05-29,2373133.7
PRJ2124,EMP1032,Completed,2026-04-18,2026-06-25,
PRJ2072,EMP1029,Completed,2025-01-01,2025-09-13,4517785.43
PRJ2015,EMP1029,Completed,2025-01-07,2025-11-30,2476426.51
PRJ2010,EMP1010,Active,2025-04-11,2025-09-15,1325782.18
PRJ2164,,On Hold,2026-02-07,2026-06-19,3152591.84
PRJ2249,EMP1009,Completed,2026-04-09,2027-01-31,877029.84
PRJ2097,EMP1004,On Hold,2026-05-12,2026-09-17,2410498.8
PRJ2068,EMP1007,Active,2025-07-18,2025-10-06,3797588.87
PRJ2233,EMP1027,Completed,2025-10-10,2026-04-04,429650.14
PRJ2037,,Completed,2025-07-14,2025-12-10,1356857.0
PRJ2016,EMP1030,Active,2024-04-09,2024-08-15,2870738.95
PRJ2126,EMP1011,Completed,2024-12-09,2025-09-11,467579.68
PRJ2152,EMP1008,On Hold,2025-07-27,2026-06-26,334282.18
PRJ2289,EMP1024,Completed,2024-10-20,2025-08-13,4822957.16
PRJ2067,EMP1006,Active,2024-12-11,2025-08-27,3198357.43
PRJ2108,EMP1004,Completed,2026-01-18,2026-09-27,2139817.11
PRJ2069,EMP1014,Cancelled,2026-06-16,2027-04-05,3623275.61
PRJ2031,EMP1036,Active,2025-04-04,2025-09-27,3055919.29
PRJ2181,EMP1019,On Hold,2026-05-13,2026-08-08,
PRJ2155,EMP1034,Completed,2024-04-08,2025-03-29,1160540.29
PRJ2234,EMP1007,Active,2024-11-13,2025-03-18,1638903.55
PRJ2298,EMP1036,On Hold,2025-08-31,2026-05-04,3577470.96
PRJ2018,EMP1013,Cancelled,2025-10-25,2026-08-02,2027863.69
PRJ2062,EMP1039,On Hold,2025-08-23,2026-03-16,3490454.52
PRJ2096,EMP1007,Active,2024-09-26,2025-01-28,2807779.2
PRJ2137,EMP1039,Completed,2024-10-15,2025-04-04,4552592.12
PRJ2292,EMP1021,On Hold,2026-06-02,2027-04-06,1566640.43
PRJ2086,EMP1004,Active,2024-04-15,2024-12-20,585257.29
PRJ2258,EMP1017,Active,2024-04-22,2024-08-24,4263549.15
PRJ2172,EMP1032,Completed,2025-01-27,2025-06-29,4981715.52
PRJ2209,EMP1007,Active,2024-01-28,2024-08-29,2611088.96
PRJ2259,EMP1001,Active,2025-09-04,2026-08-01,4950840.38
PRJ2294,EMP1025,Active,2024-07-16,2025-05-27,3624869.14
PRJ2139,EMP1010,Active,2026-02-11,2026-06-12,556243.32
PRJ2242,EMP1003,Active,2025-01-08,2025-07-16,101954.32
PRJ2055,EMP1032,Completed,2026-03-29,2027-02-10,4838819.95
PRJ2173,EMP1028,Completed,2024-07-25,2024-12-07,4488206.38
PRJ2290,EMP1038,Completed,2024-10-06,2025-05-06,3802869.45
PRJ2194,EMP1028,Completed,2025-06-24,2025-11-26,253430.07
PRJ2268,EMP1019,Active,2026-05-04,2026-09-25,4095740.36
PRJ2129,EMP1004,Completed,2025-04-16,2025-05-28,3664036.32
PRJ2038,EMP1018,Completed,2025-04-19,2025-10-26,2703815.47
PRJ2202,EMP1013,Active,2026-03-06,2026-06-12,2585234.31
PRJ2175,EMP1025,Active,2026-05-07,2026-10-30,3118457.54
PRJ2186,EMP1000,Active,2026-06-18,2026-11-21,186757.62
PRJ2112,EMP1039,On Hold,2026-03-02,2026-09-21,4951803.15
PRJ2256,EMP1035,Active,2025-01-20,2025-11-30,299023.1
PRJ2117,EMP1025,Completed,2025-05-07,2025-10-10,359448.23
PRJ2283,,Active,2025-03-14,2025-07-17,4341591.07
PRJ2277,EMP1023,Completed,2025-12-30,2026-07-11,4131344.62
PRJ2288,EMP1001,On Hold,2026-02-05,2026-04-12,4288226.86
PRJ2183,EMP1027,Completed,2024-08-28,2025-01-21,2388617.37
PRJ2185,EMP1006,Completed,2024-04-05,2025-02-07,4262445.73
PRJ2002,EMP1039,Cancelled,2026-05-10,2026-04-28,4077121.6
PRJ2115,EMP1007,Completed,2024-07-06,2025-05-19,1925979.81
PRJ2148,EMP1039,Active,2024-02-02,2024-07-05,3007984.25
PRJ2184,EMP1039,On Hold,2025-07-17,2026-06-29,231439.55
PRJ2120,EMP1012,Active,2024-01-15,2024-05-27,451831.62
PRJ2219,EMP9902,Completed,2024-08-18,2024-12-25,954215.48
PRJ2265,EMP1002,Active,2025-10-03,2026-07-23,337474.46
PRJ2127,EMP1035,Cancelled,2024-05-08,2024-07-02,1688488.61
PRJ2074,EMP1026,Active,2025-03-03,2026-01-12,3468944.31
PRJ2029,EMP1007,On Hold,2024-10-03,2025-06-22,4578413.25
PRJ2083,EMP1021,Active,2024-01-02,2024-03-20,611407.67
PRJ2253,EMP1020,Completed,2024-09-24,2025-09-18,3857211.62
PRJ2107,EMP1026,Completed,2025-12-20,2026-10-26,2605638.87
PRJ2158,EMP1010,Cancelled,2025-12-26,2026-05-05,244257.33
PRJ2163,EMP1026,Completed,2025-10-04,2025-11-07,4005840.74
PRJ2133,,Active,2025-08-15,2026-03-05,4265580.89
PRJ2197,EMP1015,Active,2024-06-08,2024-10-04,556249.61
PRJ2225,EMP1000,Completed,2025-09-24,2025-11-02,4101535.12
PRJ2065,EMP1005,Cancelled,2024-08-29,2025-03-04,4791272.26
PRJ2206,EMP1037,On Hold,2025-07-27,2026-01-26,2723456.75
PRJ2085,EMP1009,Active,2025-07-19,2026-02-05,971069.15
PRJ2222,EMP1006,Active,2025-01-19,2025-09-27,
PRJ2159,EMP1037,Completed,2025-06-30,2026-04-19,1926612.15
PRJ2012,EMP1023,Completed,2024-11-26,2025-05-03,3663601.05
PRJ2035,EMP1020,Active,2026-01-17,2026-07-17,683656.37
PRJ2028,EMP1028,Completed,2024-07-10,2024-08-17,2191595.05
PRJ2170,EMP1005,Completed,2026-05-20,2026-11-09,2581087.14
PRJ2142,EMP1036,On Hold,2024-02-10,2024-10-11,4782514.33
PRJ2198,EMP1039,On Hold,2026-04-18,2026-03-01,4473454.86
PRJ2131,EMP1007,Active,2024-05-18,2025-04-25,2341880.73
PRJ2176,EMP1027,Completed,2025-07-07,2025-06-11,3741879.3
PRJ2051,EMP1037,On Hold,2026-04-11,2026-12-04,2303810.75
PRJ2095,EMP1028,Active,2024-07-20,2025-02-15,1829839.27
PRJ2231,EMP1002,Active,2025-03-31,2025-12-08,1300854.77
PRJ2178,,Active,2025-04-05,2026-03-19,4475657.99
PRJ2229,EMP1007,Completed,2024-12-24,2025-11-08,
PRJ2041,EMP1003,Completed,2025-11-12,2026-04-03,4233575.17
PRJ2089,EMP1037,Active,2025-04-21,2025-05-26,3727872.1
PRJ2226,EMP1002,Completed,2025-09-19,2026-06-21,1150839.56
PRJ2136,EMP1013,Active,2025-02-22,2025-12-12,1393555.57
PRJ2026,EMP1039,Completed,2026-03-16,2026-05-21,350566.03
PRJ2299,EMP1010,On Hold,2024-07-19,2025-02-20,2818123.93
PRJ2141,EMP1000,Active,2024-08-18,2025-07-01,630943.41
PRJ2208,EMP1000,On Hold,2026-03-06,2026-06-29,3672210.5
PRJ2000,EMP9905,Active,2024-04-12,2024-09-12,4114693.54
PRJ2274,EMP1033,Active,2024-05-09,2025-01-10,519946.16
PRJ2278,EMP1016,Completed,2025-11-02,2026-06-11,1498888.41
PRJ2100,EMP1011,Active,2025-03-31,2025-11-06,2210750.49
PRJ2267,EMP1011,Active,2025-07-19,2025-11-15,1865449.31
PRJ2103,EMP1030,On Hold,2024-09-08,2025-06-20,4021845.13
PRJ2171,EMP1023,On Hold,2026-03-05,2026-12-28,2461019.84
PRJ2098,EMP1028,Completed,2026-03-26,2026-10-29,4426141.8
PRJ2036,EMP1036,Completed,2026-05-06,2026-07-28,2423937.16
PRJ2061,EMP1039,Active,2025-01-22,2025-03-25,3952167.66
PRJ2150,EMP1020,Completed,2025-05-17,2026-04-25,4946032.7
PRJ2246,EMP1030,Completed,2024-08-20,2024-10-21,905691.64
PRJ2210,EMP1028,Active,2025-09-11,2026-07-22,4342122.41
PRJ2286,EMP1008,Active,2024-05-02,2024-12-07,3659037.63
PRJ2011,EMP1014,Completed,2024-08-02,2024-10-09,1339826.98
PRJ2189,EMP1029,Completed,2025-02-10,2025-07-11,3715498.26
PRJ2200,EMP1017,Active,2024-08-30,2025-04-05,316969.96
PRJ2273,EMP1008,Cancelled,2025-09-29,2026-01-11,4722075.14
PRJ2027,EMP1021,Completed,2025-01-20,2025-07-28,4187024.16
PRJ2228,EMP1022,Active,2024-09-15,2025-01-22,15589.36
PRJ2004,EMP1019,Active,2024-04-16,2024-10-10,345205.25
PRJ2122,EMP1017,Active,2024-03-05,2024-12-05,2404108.82
PRJ2032,EMP1013,Completed,2024-11-09,2025-10-08,4747040.92
PRJ2239,EMP1013,Active,2025-11-14,2026-09-19,4095210.31
PRJ2162,,Active,2025-04-06,2025-08-21,4132766.42
PRJ2218,EMP1032,Active,2025-04-17,2025-06-24,3497963.78
PRJ2261,EMP9903,On Hold,2024-03-21,2024-12-17,2235331.95
PRJ2138,,Completed,2025-01-13,2025-07-04,235052.38
PRJ2062,EMP1039,On Hold,2025-08-23,2026-03-16,3455895.56
PRJ2215,,Cancelled,2025-10-01,2026-06-25,1201063.26
PRJ2135,EMP1028,Active,2025-11-05,2026-10-21,2949651.59
PRJ2128,EMP1003,Completed,2025-10-09,2026-09-09,2617370.77
PRJ2296,EMP1033,Active,2026-01-21,2026-04-22,1009792.13
PRJ2008,EMP1016,On Hold,2025-09-06,2026-04-22,541827.86
PRJ2070,EMP1028,Cancelled,2024-12-05,2025-10-13,3189785.58
PRJ2280,EMP1029,On Hold,2025-02-19,2025-09-13,3866385.67
PRJ2064,EMP1005,Completed,2024-01-14,2024-10-07,442659.01
PRJ2044,EMP1017,On Hold,2026-02-21,2026-11-04,3120429.43
PRJ2245,EMP1013,Completed,2025-04-16,2025-10-25,1966834.55
PRJ2156,EMP1024,Cancelled,2025-11-14,2026-09-10,4154906.16
PRJ2040,EMP1025,Cancelled,2025-05-25,2025-09-06,4209233.0
PRJ2123,EMP1024,Active,2026-05-06,2026-11-27,2907978.46
PRJ2281,EMP1022,On Hold,2024-09-03,2025-01-09,1157967.88
PRJ2216,EMP1018,On Hold,2025-05-20,2026-01-08,4651150.85
PRJ2153,EMP1009,Completed,2025-12-28,2026-07-25,2013885.38
PRJ2023,EMP1034,Completed,2024-12-09,2025-11-07,930010.89
PRJ2266,EMP1022,Completed,2024-08-07,2024-12-07,4109349.61
PRJ2110,EMP1010,On Hold,2026-05-28,2026-08-23,2093355.36
PRJ2081,EMP1032,Cancelled,2026-05-21,2026-07-24,2371318.49
PRJ2236,EMP1034,Completed,2024-08-12,2025-08-01,588060.85
PRJ2207,EMP1003,Completed,2025-10-07,2026-03-29,4323819.47
PRJ2212,EMP1002,Completed,2024-12-05,2025-03-13,795129.89
PRJ2039,EMP1013,Active,2024-02-28,2024-07-22,818449.25
PRJ2250,EMP9901,Active,2025-05-11,2026-04-28,3856562.0
PRJ2297,EMP1022,On Hold,2024-05-23,2024-09-13,4341932.84
PRJ2262,EMP1019,Completed,2025-11-29,2026-02-01,3241392.48
PRJ2199,EMP1018,On Hold,2025-11-29,2026-09-26,4957461.92
PRJ2014,EMP1034,Cancelled,2024-03-28,2024-09-24,3169159.34
PRJ2047,EMP1038,Active,2025-07-16,2026-01-14,1764185.4
PRJ2094,EMP1014,On Hold,2024-06-10,2025-05-07,3254335.08
PRJ2269,EMP1004,Completed,2026-01-05,2026-05-19,1270018.66
PRJ2227,EMP1023,Completed,2026-01-14,2027-01-03,4544419.53
PRJ2279,EMP1009,Completed,2025-12-10,2026-08-23,4201336.35
PRJ2201,EMP1000,Completed,2024-03-26,2024-11-02,4415702.28
PRJ2161,EMP1006,Completed,2025-09-04,2025-12-02,4786778.61
PRJ2043,EMP1024,Completed,2025-11-30,2026-09-09,781813.98
PRJ2217,EMP1033,Cancelled,2024-12-13,2025-08-17,538112.13
PRJ2145,EMP1035,Active,2024-07-19,2025-02-19,2946885.6
PRJ2190,,On Hold,2024-08-18,2024-09-17,1414140.89
PRJ2105,EMP1035,Cancelled,2024-10-22,2025-03-28,3311659.32
PRJ2053,EMP1022,Completed,2024-05-10,2024-11-16,398049.07
PRJ2001,EMP1012,Active,2025-03-11,2025-10-13,2653011.78
PRJ2049,EMP1013,On Hold,2025-07-20,2026-06-24,3527578.49
PRJ2080,EMP1026,Completed,2025-07-15,2025-08-17,2783474.84
PRJ2205,EMP1029,Active,2025-07-10,2025-10-23,3313938.93
PRJ2034,EMP1034,On Hold,2024-09-09,2025-02-16,4770893.81
PRJ2263,EMP1010,Active,2024-04-22,2024-12-22,2976035.34
PRJ2091,EMP1030,Active,2025-02-05,2025-10-25,2281166.99
PRJ2052,EMP1032,Completed,2025-05-19,2025-12-03,388907.72
PRJ2264,EMP1001,Completed,2024-01-02,2024-04-30,1924225.18
PRJ2241,EMP1015,On Hold,2026-04-06,2027-01-18,1423881.31
PRJ2013,EMP1037,Active,2025-04-03,2026-01-24,1261146.0
PRJ2088,EMP1032,Completed,2026-04-01,2026-06-15,3978755.77
PRJ2166,EMP1016,Cancelled,2024-08-05,2025-05-23,2596119.23
PRJ2261,EMP1004,On Hold,2024-03-21,2024-12-17,2257685.27
PRJ2134,EMP1008,Active,2025-01-26,2025-03-16,3580611.04
PRJ2293,EMP1003,Cancelled,2025-09-01,2025-07-31,1610506.27
PRJ2243,EMP1036,Completed,2025-11-02,2026-05-02,2166881.51
PRJ2054,EMP1014,Completed,2025-04-29,2025-08-04,21673.56
PRJ2050,EMP1031,Active,2024-08-31,2025-03-11,2995447.43
PRJ2174,,Active,2024-01-15,2024-07-20,2322269.93
PRJ2189,EMP1029,Completed,2025-02-10,2025-07-11,3678711.15
PRJ2252,EMP1022,Completed,2025-07-17,2026-01-30,848626.4
PRJ2187,EMP1031,Completed,2026-01-03,2026-06-10,1651966.31
PRJ2169,EMP1006,Completed,2025-02-01,2026-01-04,1308564.51
PRJ2058,EMP1032,Active,2026-04-20,2026-10-01,1579836.82
PRJ2048,EMP1039,Active,2026-05-25,2027-01-03,2069839.82
PRJ2235,EMP1033,Completed,2025-11-07,2026-08-20,2803623.12
PRJ2252,EMP1022,Completed,2025-07-17,2026-01-30,840224.16
PRJ2021,EMP1033,Completed,2024-11-04,2025-02-01,1775818.17
PRJ2160,EMP1001,Completed,2026-01-08,2026-03-31,193292.37
PRJ2276,EMP1021,On Hold,2025-11-14,2026-08-19,2639850.24
PRJ2191,EMP1018,Cancelled,2026-01-18,2026-10-13,
PRJ2257,EMP1028,Cancelled,2025-01-21,2025-03-03,382725.14
PRJ2149,EMP1014,Completed,2024-02-17,2024-08-14,4519582.6
PRJ2130,EMP1036,Completed,2024-03-03,2025-02-11,26698.35
PRJ2151,EMP1008,On Hold,2025-02-10,2025-05-08,3719330.59
PRJ2099,EMP1003,Active,2024-09-27,2025-02-19,2656023.01
PRJ2087,,Active,2026-02-10,2026-08-16,2114595.67
PRJ2214,EMP1009,Completed,2024-11-26,2025-03-29,1676704.3
PRJ2121,EMP1039,Active,2026-03-23,2027-02-14,197607.9
PRJ2257,EMP1028,Cancelled,2025-01-21,2025-03-03,386552.39
PRJ2020,EMP1008,Active,2025-10-23,2026-03-13,2115959.94
PRJ2188,EMP9904,On Hold,2025-04-29,2025-07-25,4658631.55
PRJ2071,EMP1032,Active,2024-04-01,2024-05-27,4903078.23
PRJ2106,EMP1025,Active,2025-12-25,2026-02-10,3691900.28
PRJ2270,EMP1036,Cancelled,2024-08-12,2025-03-25,
PRJ2102,EMP1026,Cancelled,2025-12-27,2026-07-05,2866414.52
